PLAYER_ID,PLAYER_NAME_LAST_FIRST,TEAM_NAME,TEAM_ID,TEAM_ABBREVIATION,PASS_TYPE,G,PASS_TO,PASS_TEAMMATE_PLAYER_ID,FREQUENCY,PASS,AST,FGM,FGA,FG_PCT,FG2M,FG2A,FG2_PCT,FG3M,FG3A,FG3_PCT,PLAYER_NAME
1628979,"Duval, Trevon",Milwaukee Bucks,1610612749,MIL,made,2,"Brown, Sterling",1628425,0.143,2,0,0,0,0.0,0,0,0.0,0,0,0.0,Trevon Duval
1628979,"Duval, Trevon",Milwaukee Bucks,1610612749,MIL,made,2,"Wilson, D.J.",1628391,0.5,7,0,0,1,0.0,0,0,0.0,0,1,0.0,Trevon Duval
1628979,"Duval, Trevon",Milwaukee Bucks,1610612749,MIL,made,2,"Connaughton, Pat",1626192,0.071,1,1,1,1,1.0,0,0,0.0,1,1,1.0,Trevon Duval
1628979,"Duval, Trevon",Milwaukee Bucks,1610612749,MIL,made,2,"Wood, Christian",1626174,0.214,3,0,0,1,0.0,0,1,0.0,0,0,0.0,Trevon Duval
1628979,"Duval, Trevon",Milwaukee Bucks,1610612749,MIL,made,2,"Ilyasova, Ersan",101141,0.071,1,1,1,1,1.0,1,1,1.0,0,0,0.0,Trevon Duval
202697,"Shumpert, Iman",Houston Rockets,1610612745,HOU,made,62,"Chiozza, Chris",1629185,0.002,3,0,0,1,0.0,0,1,0.0,0,0,0.0,Iman Shumpert
202697,"Shumpert, Iman",Houston Rockets,1610612745,HOU,made,62,"Hartenstein, Isaiah",1628392,0.002,2,0,0,0,0.0,0,0,0.0,0,0,0.0,Iman Shumpert
202697,"Shumpert, Iman",Houston Rockets,1610612745,HOU,made,62,"House Jr., Danuel",1627863,0.013,17,1,2,5,0.4,1,1,1.0,1,4,0.25,Iman Shumpert
202697,"Shumpert, Iman",Houston Rockets,1610612745,HOU,made,62,"Capela, Clint",203991,0.012,16,2,3,4,0.75,3,4,0.75,0,0,0.0,Iman Shumpert
202697,"Shumpert, Iman",Houston Rockets,1610612745,HOU,made,62,"Jones, Terrence",203093,0.002,2,0,0,1,0.0,0,0,0.0,0,1,0.0,Iman Shumpert
202697,"Shumpert, Iman",Houston Rockets,1610612745,HOU,made,62,"Rivers, Austin",203085,0.023,30,4,4,10,0.4,3,5,0.6,1,5,0.2,Iman Shumpert
202697,"Shumpert, Iman",Houston Rockets,1610612745,HOU,made,62,"Faried, Kenneth",202702,0.012,16,4,4,7,0.571,4,6,0.667,0,1,0.0,Iman Shumpert
202697,"Shumpert, Iman",Houston Rockets,1610612745,HOU,made,62,"Harden, James",201935,0.058,75,1,11,32,0.344,7,12,0.583,4,20,0.2,Iman Shumpert
202697,"Shumpert, Iman",Houston Rockets,1610612745,HOU,made,62,"Gordon, Eric",201569,0.01,13,3,3,6,0.5,0,0,0.0,3,6,0.5,Iman Shumpert
202697,"Shumpert, Iman",Houston Rockets,1610612745,HOU,made,62,"Tucker, P.J.",200782,0.019,25,3,3,8,0.375,0,2,0.0,3,6,0.5,Iman Shumpert
202697,"Shumpert, Iman",Houston Rockets,1610612745,HOU,made,62,"Green, Gerald",101123,0.011,14,2,2,8,0.25,0,1,0.0,2,7,0.286,Iman Shumpert
202697,"Shumpert, Iman",Houston Rockets,1610612745,HOU,made,62,"Paul, Chris",101108,0.047,61,1,2,8,0.25,0,2,0.0,2,6,0.333,Iman Shumpert
202697,"Shumpert, Iman",Houston Rockets,1610612745,HOU,made,62,Nene,2403,0.01,13,0,0,3,0.0,0,3,0.0,0,0,0.0,Iman Shumpert
202697,"Shumpert, Iman",Sacramento Kings,1610612758,SAC,made,62,"Bagley III, Marvin",1628963,0.033,42,5,10,17,0.588,9,16,0.563,1,1,1.0,Iman Shumpert
202697,"Shumpert, Iman",Sacramento Kings,1610612758,SAC,made,62,"Mason III, Frank",1628412,0.016,21,0,1,3,0.333,0,0,0.0,1,3,0.333,Iman Shumpert
202697,"Shumpert, Iman",Sacramento Kings,1610612758,SAC,made,62,"Giles III, Harry",1628385,0.019,25,0,0,6,0.0,0,6,0.0,0,0,0.0,Iman Shumpert
202697,"Shumpert, Iman",Sacramento Kings,1610612758,SAC,made,62,"Jackson, Justin",1628382,0.019,24,2,3,11,0.273,2,2,1.0,1,9,0.111,Iman Shumpert
202697,"Shumpert, Iman",Sacramento Kings,1610612758,SAC,made,62,"Fox, De'Aaron",1628368,0.271,348,14,32,83,0.386,24,62,0.387,8,21,0.381,Iman Shumpert
202697,"Shumpert, Iman",Sacramento Kings,1610612758,SAC,made,62,"Ferrell, Yogi",1627812,0.016,20,1,2,2,1.0,1,1,1.0,1,1,1.0,Iman Shumpert
202697,"Shumpert, Iman",Sacramento Kings,1610612758,SAC,made,62,"Williams, Troy",1627786,0.002,2,1,1,1,1.0,0,0,0.0,1,1,1.0,Iman Shumpert
202697,"Shumpert, Iman",Sacramento Kings,1610612758,SAC,made,62,"Labissiere, Skal",1627746,0.001,1,0,0,1,0.0,0,0,0.0,0,1,0.0,Iman Shumpert
202697,"Shumpert, Iman",Sacramento Kings,1610612758,SAC,made,62,"Hield, Buddy",1627741,0.135,174,30,37,79,0.468,20,42,0.476,17,37,0.459,Iman Shumpert
202697,"Shumpert, Iman",Sacramento Kings,1610612758,SAC,made,62,"Cauley-Stein, Willie",1626161,0.14,180,22,23,49,0.469,23,49,0.469,0,0,0.0,Iman Shumpert
202697,"Shumpert, Iman",Sacramento Kings,1610612758,SAC,made,62,"BogdanoviÄ‡, Bogdan",203992,0.045,58,4,7,22,0.318,6,15,0.4,1,7,0.143,Iman Shumpert
202697,"Shumpert, Iman",Sacramento Kings,1610612758,SAC,made,62,"McLemore, Ben",203463,0.001,1,0,0,0,0.0,0,0,0.0,0,0,0.0,Iman Shumpert
202697,"Shumpert, Iman",Sacramento Kings,1610612758,SAC,made,62,"Bjelica, Nemanja",202357,0.069,89,9,10,31,0.323,6,19,0.316,4,12,0.333,Iman Shumpert
202697,"Shumpert, Iman",Sacramento Kings,1610612758,SAC,made,62,"Koufos, Kosta",201585,0.011,14,1,1,3,0.333,1,3,0.333,0,0,0.0,Iman Shumpert
1629185,"Chiozza, Chris",Houston Rockets,1610612745,HOU,made,7,"Clark, Gary",1629109,0.34,17,0,1,9,0.111,0,0,0.0,1,9,0.111,Chris Chiozza
1629185,"Chiozza, Chris",Houston Rockets,1610612745,HOU,made,7,"Hartenstein, Isaiah",1628392,0.02,1,0,0,0,0.0,0,0,0.0,0,0,0.0,Chris Chiozza
1629185,"Chiozza, Chris",Houston Rockets,1610612745,HOU,made,7,"House Jr., Danuel",1627863,0.04,2,0,1,2,0.5,0,0,0.0,1,2,0.5,Chris Chiozza
1629185,"Chiozza, Chris",Houston Rockets,1610612745,HOU,made,7,"Rivers, Austin",203085,0.2,10,2,2,5,0.4,1,2,0.5,1,3,0.333,Chris Chiozza
1629185,"Chiozza, Chris",Houston Rockets,1610612745,HOU,made,7,"Faried, Kenneth",202702,0.34,17,1,1,4,0.25,0,3,0.0,1,1,1.0,Chris Chiozza
1629185,"Chiozza, Chris",Houston Rockets,1610612745,HOU,made,7,"Green, Gerald",101123,0.06,3,1,1,1,1.0,1,1,1.0,0,0,0.0,Chris Chiozza
101108,"Paul, Chris",Houston Rockets,1610612745,HOU,made,58,"Clark, Gary",1629109,0.027,80,10,12,41,0.293,1,2,0.5,11,39,0.282,Chris Paul
101108,"Paul, Chris",Houston Rockets,1610612745,HOU,made,58,"Hartenstein, Isaiah",1628392,0.01,29,6,6,12,0.5,6,12,0.5,0,0,0.0,Chris Paul
101108,"Paul, Chris",Houston Rockets,1610612745,HOU,made,58,"House Jr., Danuel",1627863,0.029,86,22,24,56,0.429,8,19,0.421,16,37,0.432,Chris Paul
101108,"Paul, Chris",Houston Rockets,1610612745,HOU,made,58,"Chriss, Marquese",1627737,0.003,9,1,1,3,0.333,1,3,0.333,0,0,0.0,Chris Paul
101108,"Paul, Chris",Houston Rockets,1610612745,HOU,made,58,"Capela, Clint",203991,0.135,398,80,84,166,0.506,84,166,0.506,0,0,0.0,Chris Paul
101108,"Paul, Chris",Houston Rockets,1610612745,HOU,made,58,"Ennis III, James",203516,0.034,99,24,27,56,0.482,13,23,0.565,14,33,0.424,Chris Paul
101108,"Paul, Chris",Houston Rockets,1610612745,HOU,made,58,"Carter-Williams, Michael",203487,0.004,12,2,2,4,0.5,2,3,0.667,0,1,0.0,Chris Paul
101108,"Paul, Chris",Houston Rockets,1610612745,HOU,made,58,"Rivers, Austin",203085,0.042,123,15,16,53,0.302,9,26,0.346,7,27,0.259,Chris Paul
101108,"Paul, Chris",Houston Rockets,1610612745,HOU,made,58,"Faried, Kenneth",202702,0.035,104,30,33,59,0.559,29,54,0.537,4,5,0.8,Chris Paul
101108,"Paul, Chris",Houston Rockets,1610612745,HOU,made,58,"Shumpert, Iman",202697,0.021,61,9,12,32,0.375,6,11,0.545,6,21,0.286,Chris Paul
101108,"Paul, Chris",Houston Rockets,1610612745,HOU,made,58,"Knight, Brandon",202688,0.006,19,3,3,9,0.333,1,4,0.25,2,5,0.4,Chris Paul
101108,"Paul, Chris",Houston Rockets,1610612745,HOU,made,58,"Harden, James",201935,0.246,726,39,127,303,0.419,66,141,0.468,61,162,0.377,Chris Paul
101108,"Paul, Chris",Houston Rockets,1610612745,HOU,made,58,"Gordon, Eric",201569,0.177,522,107,125,289,0.433,41,86,0.477,84,203,0.414,Chris Paul
101108,"Paul, Chris",Houston Rockets,1610612745,HOU,made,58,"Tucker, P.J.",200782,0.112,330,55,55,141,0.39,13,30,0.433,42,111,0.378,Chris Paul
101108,"Paul, Chris",Houston Rockets,1610612745,HOU,made,58,"Green, Gerald",101123,0.073,215,49,51,132,0.386,20,41,0.488,31,91,0.341,Chris Paul
101108,"Paul, Chris",Houston Rockets,1610612745,HOU,made,58,"Anthony, Carmelo",2546,0.027,79,15,21,49,0.429,14,25,0.56,7,24,0.292,Chris Paul
101108,"Paul, Chris",Houston Rockets,1610612745,HOU,made,58,Nene,2403,0.019,57,8,8,18,0.444,8,18,0.444,0,0,0.0,Chris Paul
1627863,"House Jr., Danuel",Houston Rockets,1610612745,HOU,made,39,"Chiozza, Chris",1629185,0.006,4,0,0,0,0.0,0,0,0.0,0,0,0.0,Danuel House Jr.
1627863,"House Jr., Danuel",Houston Rockets,1610612745,HOU,made,39,"Clark, Gary",1629109,0.021,14,2,2,10,0.2,1,2,0.5,1,8,0.125,Danuel House Jr.
1627863,"House Jr., Danuel",Houston Rockets,1610612745,HOU,made,39,"Hartenstein, Isaiah",1628392,0.004,3,0,0,1,0.0,0,1,0.0,0,0,0.0,Danuel House Jr.
1627863,"House Jr., Danuel",Houston Rockets,1610612745,HOU,made,39,"Chriss, Marquese",1627737,0.01,7,1,1,2,0.5,1,2,0.5,0,0,0.0,Danuel House Jr.
1627863,"House Jr., Danuel",Houston Rockets,1610612745,HOU,made,39,"Capela, Clint",203991,0.064,43,10,10,14,0.714,10,14,0.714,0,0,0.0,Danuel House Jr.
1627863,"House Jr., Danuel",Houston Rockets,1610612745,HOU,made,39,"Ennis III, James",203516,0.004,3,0,0,3,0.0,0,1,0.0,0,2,0.0,Danuel House Jr.
1627863,"House Jr., Danuel",Houston Rockets,1610612745,HOU,made,39,"Carter-Williams, Michael",203487,0.015,10,0,0,3,0.0,0,0,0.0,0,3,0.0,Danuel House Jr.
1627863,"House Jr., Danuel",Houston Rockets,1610612745,HOU,made,39,"Rivers, Austin",203085,0.089,60,4,5,17,0.294,0,6,0.0,5,11,0.455,Danuel House Jr.
1627863,"House Jr., Danuel",Houston Rockets,1610612745,HOU,made,39,"Faried, Kenneth",202702,0.004,3,1,1,2,0.5,1,2,0.5,0,0,0.0,Danuel House Jr.
1627863,"House Jr., Danuel",Houston Rockets,1610612745,HOU,made,39,"Shumpert, Iman",202697,0.027,18,3,3,6,0.5,1,1,1.0,2,5,0.4,Danuel House Jr.
1627863,"House Jr., Danuel",Houston Rockets,1610612745,HOU,made,39,"Knight, Brandon",202688,0.033,22,0,2,6,0.333,1,4,0.25,1,2,0.5,Danuel House Jr.
1627863,"House Jr., Danuel",Houston Rockets,1610612745,HOU,made,39,"Harden, James",201935,0.377,254,2,37,101,0.366,16,45,0.356,21,56,0.375,Danuel House Jr.
1627863,"House Jr., Danuel",Houston Rockets,1610612745,HOU,made,39,"Gordon, Eric",201569,0.059,40,3,8,22,0.364,4,11,0.364,4,11,0.364,Danuel House Jr.
1627863,"House Jr., Danuel",Houston Rockets,1610612745,HOU,made,39,"Tucker, P.J.",200782,0.042,28,4,4,8,0.5,1,3,0.333,3,5,0.6,Danuel House Jr.
1627863,"House Jr., Danuel",Houston Rockets,1610612745,HOU,made,39,"Green, Gerald",101123,0.034,23,7,8,15,0.533,2,3,0.667,6,12,0.5,Danuel House Jr.
1627863,"House Jr., Danuel",Houston Rockets,1610612745,HOU,made,39,"Paul, Chris",101108,0.19,128,0,14,31,0.452,7,16,0.438,7,15,0.467,Danuel House Jr.
1627863,"House Jr., Danuel",Houston Rockets,1610612745,HOU,made,39,Nene,2403,0.019,13,3,3,8,0.375,3,7,0.429,0,1,0.0,Danuel House Jr.
1629109,"Clark, Gary",Houston Rockets,1610612745,HOU,made,50,"Chiozza, Chris",1629185,0.02,10,0,0,3,0.0,0,1,0.0,0,2,0.0,Gary Clark
1629109,"Clark, Gary",Houston Rockets,1610612745,HOU,made,50,"Hartenstein, Isaiah",1628392,0.023,12,0,1,1,1.0,1,1,1.0,0,0,0.0,Gary Clark
1629109,"Clark, Gary",Houston Rockets,1610612745,HOU,made,50,"House Jr., Danuel",1627863,0.031,16,3,3,4,0.75,3,3,1.0,0,1,0.0,Gary Clark
1629109,"Clark, Gary",Houston Rockets,1610612745,HOU,made,50,"Chriss, Marquese",1627737,0.021,11,1,1,5,0.2,1,2,0.5,0,3,0.0,Gary Clark
1629109,"Clark, Gary",Houston Rockets,1610612745,HOU,made,50,"Capela, Clint",203991,0.021,11,0,0,1,0.0,0,1,0.0,0,0,0.0,Gary Clark
1629109,"Clark, Gary",Houston Rockets,1610612745,HOU,made,50,"Ennis III, James",203516,0.012,6,3,3,4,0.75,1,1,1.0,2,3,0.667,Gary Clark
1629109,"Clark, Gary",Houston Rockets,1610612745,HOU,made,50,"Carter-Williams, Michael",203487,0.068,35,1,3,6,0.5,1,3,0.333,2,3,0.667,Gary Clark
1629109,"Clark, Gary",Houston Rockets,1610612745,HOU,made,50,"Nunnally, James",203263,0.002,1,0,0,1,0.0,0,0,0.0,0,1,0.0,Gary Clark
1629109,"Clark, Gary",Houston Rockets,1610612745,HOU,made,50,"Jones, Terrence",203093,0.002,1,0,0,0,0.0,0,0,0.0,0,0,0.0,Gary Clark
1629109,"Clark, Gary",Houston Rockets,1610612745,HOU,made,50,"Rivers, Austin",203085,0.102,52,1,5,13,0.385,3,10,0.3,2,3,0.667,Gary Clark
1629109,"Clark, Gary",Houston Rockets,1610612745,HOU,made,50,"Faried, Kenneth",202702,0.006,3,0,0,2,0.0,0,2,0.0,0,0,0.0,Gary Clark
1629109,"Clark, Gary",Houston Rockets,1610612745,HOU,made,50,"Shumpert, Iman",202697,0.004,2,0,1,1,1.0,1,1,1.0,0,0,0.0,Gary Clark
1629109,"Clark, Gary",Houston Rockets,1610612745,HOU,made,50,"Knight, Brandon",202688,0.023,12,0,0,1,0.0,0,1,0.0,0,0,0.0,Gary Clark
1629109,"Clark, Gary",Houston Rockets,1610612745,HOU,made,50,"Harden, James",201935,0.277,142,1,15,52,0.288,4,22,0.182,11,30,0.367,Gary Clark
1629109,"Clark, Gary",Houston Rockets,1610612745,HOU,made,50,"Gordon, Eric",201569,0.061,31,3,6,15,0.4,1,6,0.167,5,9,0.556,Gary Clark
1629109,"Clark, Gary",Houston Rockets,1610612745,HOU,made,50,"Tucker, P.J.",200782,0.023,12,1,1,1,1.0,0,0,0.0,1,1,1.0,Gary Clark
1629109,"Clark, Gary",Houston Rockets,1610612745,HOU,made,50,"Green, Gerald",101123,0.078,40,4,6,17,0.353,1,3,0.333,5,14,0.357,Gary Clark
1629109,"Clark, Gary",Houston Rockets,1610612745,HOU,made,50,"Paul, Chris",101108,0.209,107,0,9,22,0.409,5,10,0.5,4,12,0.333,Gary Clark
1629109,"Clark, Gary",Houston Rockets,1610612745,HOU,made,50,"Anthony, Carmelo",2546,0.002,1,0,0,1,0.0,0,0,0.0,0,1,0.0,Gary Clark
1629109,"Clark, Gary",Houston Rockets,1610612745,HOU,made,50,Nene,2403,0.014,7,0,0,2,0.0,0,2,0.0,0,0,0.0,Gary Clark
201569,"Gordon, Eric",Houston Rockets,1610612745,HOU,made,68,"Clark, Gary",1629109,0.014,21,2,2,11,0.182,0,0,0.0,2,11,0.182,Eric Gordon
201569,"Gordon, Eric",Houston Rockets,1610612745,HOU,made,68,"Edwards, Vincent",1629053,0.001,1,0,0,0,0.0,0,0,0.0,0,0,0.0,Eric Gordon
201569,"Gordon, Eric",Houston Rockets,1610612745,HOU,made,68,"Hartenstein, Isaiah",1628392,0.007,11,2,2,3,0.667,1,1,1.0,1,2,0.5,Eric Gordon
201569,"Gordon, Eric",Houston Rockets,1610612745,HOU,made,68,"House Jr., Danuel",1627863,0.028,41,8,9,18,0.5,1,3,0.333,8,15,0.533,Eric Gordon
201569,"Gordon, Eric",Houston Rockets,1610612745,HOU,made,68,"Chriss, Marquese",1627737,0.001,1,0,0,1,0.0,0,0,0.0,0,1,0.0,Eric Gordon
201569,"Gordon, Eric",Houston Rockets,1610612745,HOU,made,68,"Capela, Clint",203991,0.141,208,35,38,65,0.585,38,65,0.585,0,0,0.0,Eric Gordon
201569,"Gordon, Eric",Houston Rockets,1610612745,HOU,made,68,"Ennis III, James",203516,0.027,40,10,10,19,0.526,5,8,0.625,5,11,0.455,Eric Gordon
201569,"Gordon, Eric",Houston Rockets,1610612745,HOU,made,68,"Carter-Williams, Michael",203487,0.011,16,0,1,4,0.25,1,4,0.25,0,0,0.0,Eric Gordon
201569,"Gordon, Eric",Houston Rockets,1610612745,HOU,made,68,"Nunnally, James",203263,0.001,1,0,0,1,0.0,0,0,0.0,0,1,0.0,Eric Gordon
201569,"Gordon, Eric",Houston Rockets,1610612745,HOU,made,68,"Jones, Terrence",203093,0.001,1,0,0,0,0.0,0,0,0.0,0,0,0.0,Eric Gordon
201569,"Gordon, Eric",Houston Rockets,1610612745,HOU,made,68,"Rivers, Austin",203085,0.053,79,4,7,27,0.259,4,7,0.571,3,20,0.15,Eric Gordon
201569,"Gordon, Eric",Houston Rockets,1610612745,HOU,made,68,"Faried, Kenneth",202702,0.037,55,8,9,23,0.391,9,19,0.474,0,4,0.0,Eric Gordon
201569,"Gordon, Eric",Houston Rockets,1610612745,HOU,made,68,"Shumpert, Iman",202697,0.005,8,1,2,6,0.333,1,2,0.5,1,4,0.25,Eric Gordon
201569,"Gordon, Eric",Houston Rockets,1610612745,HOU,made,68,"Knight, Brandon",202688,0.003,5,0,0,2,0.0,0,0,0.0,0,2,0.0,Eric Gordon
201569,"Gordon, Eric",Houston Rockets,1610612745,HOU,made,68,"Harden, James",201935,0.269,397,5,50,126,0.397,36,67,0.537,14,59,0.237,Eric Gordon
201569,"Gordon, Eric",Houston Rockets,1610612745,HOU,made,68,"Tucker, P.J.",200782,0.099,147,18,19,55,0.345,5,8,0.625,14,47,0.298,Eric Gordon
201569,"Gordon, Eric",Houston Rockets,1610612745,HOU,made,68,"Green, Gerald",101123,0.042,62,18,19,40,0.475,4,6,0.667,15,34,0.441,Eric Gordon
201569,"Gordon, Eric",Houston Rockets,1610612745,HOU,made,68,"Paul, Chris",101108,0.221,326,6,32,77,0.416,19,46,0.413,13,31,0.419,Eric Gordon
201569,"Gordon, Eric",Houston Rockets,1610612745,HOU,made,68,"Anthony, Carmelo",2546,0.012,18,3,3,8,0.375,0,2,0.0,3,6,0.5,Eric Gordon
201569,"Gordon, Eric",Houston Rockets,1610612745,HOU,made,68,Nene,2403,0.027,40,5,5,10,0.5,5,10,0.5,0,0,0.0,Eric Gordon
1629053,"Edwards, Vincent",Houston Rockets,1610612745,HOU,made,2,"Clark, Gary",1629109,0.25,2,0,0,1,0.0,0,0,0.0,0,1,0.0,Vincent Edwards
1629053,"Edwards, Vincent",Houston Rockets,1610612745,HOU,made,2,"Ennis III, James",203516,0.125,1,0,0,0,0.0,0,0,0.0,0,0,0.0,Vincent Edwards
1629053,"Edwards, Vincent",Houston Rockets,1610612745,HOU,made,2,"Green, Gerald",101123,0.625,5,0,2,2,1.0,1,1,1.0,1,1,1.0,Vincent Edwards
201935,"Harden, James",Houston Rockets,1610612745,HOU,made,78,"Clark, Gary",1629109,0.018,71,13,13,32,0.406,2,2,1.0,11,30,0.367,James Harden
201935,"Harden, James",Houston Rockets,1610612745,HOU,made,78,"Hartenstein, Isaiah",1628392,0.007,28,5,5,8,0.625,5,8,0.625,0,0,0.0,James Harden
201935,"Harden, James",Houston Rockets,1610612745,HOU,made,78,"House Jr., Danuel",1627863,0.048,187,38,38,83,0.458,14,30,0.467,24,53,0.453,James Harden
201935,"Harden, James",Houston Rockets,1610612745,HOU,made,78,"Chriss, Marquese",1627737,0.001,4,1,1,3,0.333,1,2,0.5,0,1,0.0,James Harden
201935,"Harden, James",Houston Rockets,1610612745,HOU,made,78,"Capela, Clint",203991,0.177,685,220,225,344,0.654,225,344,0.654,0,0,0.0,James Harden
201935,"Harden, James",Houston Rockets,1610612745,HOU,made,78,"Ennis III, James",203516,0.042,162,27,27,65,0.415,16,32,0.5,11,33,0.333,James Harden
201935,"Harden, James",Houston Rockets,1610612745,HOU,made,78,"Carter-Williams, Michael",203487,0.005,20,3,3,10,0.3,2,6,0.333,1,4,0.25,James Harden
201935,"Harden, James",Houston Rockets,1610612745,HOU,made,78,"Nunnally, James",203263,0.001,4,1,1,2,0.5,0,0,0.0,1,2,0.5,James Harden
201935,"Harden, James",Houston Rockets,1610612745,HOU,made,78,"Jones, Terrence",203093,0.0,1,0,0,1,0.0,0,1,0.0,0,0,0.0,James Harden
201935,"Harden, James",Houston Rockets,1610612745,HOU,made,78,"Rivers, Austin",203085,0.083,319,20,46,102,0.451,25,42,0.595,21,60,0.35,James Harden
201935,"Harden, James",Houston Rockets,1610612745,HOU,made,78,"Faried, Kenneth",202702,0.036,141,35,35,61,0.574,34,58,0.586,1,3,0.333,James Harden
201935,"Harden, James",Houston Rockets,1610612745,HOU,made,78,"Shumpert, Iman",202697,0.015,59,6,6,19,0.316,1,3,0.333,5,16,0.313,James Harden
201935,"Harden, James",Houston Rockets,1610612745,HOU,made,78,"Knight, Brandon",202688,0.002,7,0,0,4,0.0,0,1,0.0,0,3,0.0,James Harden
201935,"Harden, James",Houston Rockets,1610612745,HOU,made,78,"Gordon, Eric",201569,0.151,584,69,97,285,0.34,41,107,0.383,56,178,0.315,James Harden
201935,"Harden, James",Houston Rockets,1610612745,HOU,made,78,"Tucker, P.J.",200782,0.145,561,67,68,168,0.405,17,40,0.425,51,128,0.398,James Harden
201935,"Harden, James",Houston Rockets,1610612745,HOU,made,78,"Green, Gerald",101123,0.073,282,46,49,130,0.377,13,32,0.406,36,98,0.367,James Harden
201935,"Harden, James",Houston Rockets,1610612745,HOU,made,78,"Paul, Chris",101108,0.158,611,14,54,135,0.4,36,73,0.493,18,62,0.29,James Harden
201935,"Harden, James",Houston Rockets,1610612745,HOU,made,78,"Anthony, Carmelo",2546,0.015,58,6,8,26,0.308,3,9,0.333,5,17,0.294,James Harden
201935,"Harden, James",Houston Rockets,1610612745,HOU,made,78,Nene,2403,0.021,80,15,17,35,0.486,17,35,0.486,0,0,0.0,James Harden
101123,"Green, Gerald",Houston Rockets,1610612745,HOU,made,73,"Chiozza, Chris",1629185,0.008,9,1,1,1,1.0,0,0,0.0,1,1,1.0,Gerald Green
101123,"Green, Gerald",Houston Rockets,1610612745,HOU,made,73,"Clark, Gary",1629109,0.016,17,3,3,4,0.75,0,0,0.0,3,4,0.75,Gerald Green
101123,"Green, Gerald",Houston Rockets,1610612745,HOU,made,73,"Edwards, Vincent",1629053,0.004,4,0,0,2,0.0,0,0,0.0,0,2,0.0,Gerald Green
101123,"Green, Gerald",Houston Rockets,1610612745,HOU,made,73,"Hartenstein, Isaiah",1628392,0.014,15,1,1,5,0.2,1,3,0.333,0,2,0.0,Gerald Green
101123,"Green, Gerald",Houston Rockets,1610612745,HOU,made,73,"House Jr., Danuel",1627863,0.017,19,2,2,7,0.286,0,0,0.0,2,7,0.286,Gerald Green
101123,"Green, Gerald",Houston Rockets,1610612745,HOU,made,73,Zhou Qi,1627753,0.001,1,1,1,1,1.0,1,1,1.0,0,0,0.0,Gerald Green
101123,"Green, Gerald",Houston Rockets,1610612745,HOU,made,73,"Chriss, Marquese",1627737,0.02,22,2,2,6,0.333,2,5,0.4,0,1,0.0,Gerald Green
101123,"Green, Gerald",Houston Rockets,1610612745,HOU,made,73,"Capela, Clint",203991,0.053,58,7,7,10,0.7,7,10,0.7,0,0,0.0,Gerald Green
101123,"Green, Gerald",Houston Rockets,1610612745,HOU,made,73,"Ennis III, James",203516,0.012,13,1,1,3,0.333,1,1,1.0,0,2,0.0,Gerald Green
101123,"Green, Gerald",Houston Rockets,1610612745,HOU,made,73,"Carter-Williams, Michael",203487,0.03,33,0,2,9,0.222,2,7,0.286,0,2,0.0,Gerald Green
101123,"Green, Gerald",Houston Rockets,1610612745,HOU,made,73,"Nunnally, James",203263,0.002,2,0,0,1,0.0,0,0,0.0,0,1,0.0,Gerald Green
101123,"Green, Gerald",Houston Rockets,1610612745,HOU,made,73,"Jones, Terrence",203093,0.001,1,0,0,0,0.0,0,0,0.0,0,0,0.0,Gerald Green
101123,"Green, Gerald",Houston Rockets,1610612745,HOU,made,73,"Rivers, Austin",203085,0.092,101,3,12,31,0.387,6,11,0.545,6,20,0.3,Gerald Green
101123,"Green, Gerald",Houston Rockets,1610612745,HOU,made,73,"Faried, Kenneth",202702,0.027,29,2,2,4,0.5,1,3,0.333,1,1,1.0,Gerald Green
101123,"Green, Gerald",Houston Rockets,1610612745,HOU,made,73,"Shumpert, Iman",202697,0.009,10,2,2,5,0.4,0,2,0.0,2,3,0.667,Gerald Green
101123,"Green, Gerald",Houston Rockets,1610612745,HOU,made,73,"Knight, Brandon",202688,0.014,15,0,1,6,0.167,1,3,0.333,0,3,0.0,Gerald Green
101123,"Green, Gerald",Houston Rockets,1610612745,HOU,made,73,"Harden, James",201935,0.354,387,4,51,144,0.354,25,57,0.439,26,87,0.299,Gerald Green
101123,"Green, Gerald",Houston Rockets,1610612745,HOU,made,73,"Gordon, Eric",201569,0.063,69,3,14,27,0.519,10,15,0.667,4,12,0.333,Gerald Green
101123,"Green, Gerald",Houston Rockets,1610612745,HOU,made,73,"Tucker, P.J.",200782,0.048,52,4,4,16,0.25,2,4,0.5,2,12,0.167,Gerald Green
101123,"Green, Gerald",Houston Rockets,1610612745,HOU,made,73,"Paul, Chris",101108,0.173,189,0,15,33,0.455,8,14,0.571,7,19,0.368,Gerald Green
101123,"Green, Gerald",Houston Rockets,1610612745,HOU,made,73,"Anthony, Carmelo",2546,0.007,8,0,1,5,0.2,1,3,0.333,0,2,0.0,Gerald Green
101123,"Green, Gerald",Houston Rockets,1610612745,HOU,made,73,Nene,2403,0.035,38,3,3,8,0.375,3,8,0.375,0,0,0.0,Gerald Green
203991,"Capela, Clint",Houston Rockets,1610612745,HOU,made,67,"Chiozza, Chris",1629185,0.0,1,0,0,0,0.0,0,0,0.0,0,0,0.0,Clint Capela
203991,"Capela, Clint",Houston Rockets,1610612745,HOU,made,67,"Clark, Gary",1629109,0.005,14,2,2,5,0.4,1,1,1.0,1,4,0.25,Clint Capela
203991,"Capela, Clint",Houston Rockets,1610612745,HOU,made,67,"House Jr., Danuel",1627863,0.011,32,5,5,14,0.357,1,6,0.167,4,8,0.5,Clint Capela
203991,"Capela, Clint",Houston Rockets,1610612745,HOU,made,67,"Ennis III, James",203516,0.009,26,4,5,12,0.417,3,6,0.5,2,6,0.333,Clint Capela
203991,"Capela, Clint",Houston Rockets,1610612745,HOU,made,67,"Carter-Williams, Michael",203487,0.015,46,1,5,10,0.5,4,8,0.5,1,2,0.5,Clint Capela
203991,"Capela, Clint",Houston Rockets,1610612745,HOU,made,67,"Rivers, Austin",203085,0.028,85,5,10,20,0.5,6,12,0.5,4,8,0.5,Clint Capela
203991,"Capela, Clint",Houston Rockets,1610612745,HOU,made,67,"Faried, Kenneth",202702,0.0,1,0,0,0,0.0,0,0,0.0,0,0,0.0,Clint Capela
203991,"Capela, Clint",Houston Rockets,1610612745,HOU,made,67,"Shumpert, Iman",202697,0.005,15,1,1,2,0.5,0,0,0.0,1,2,0.5,Clint Capela
203991,"Capela, Clint",Houston Rockets,1610612745,HOU,made,67,"Knight, Brandon",202688,0.011,32,1,2,6,0.333,2,3,0.667,0,3,0.0,Clint Capela
203991,"Capela, Clint",Houston Rockets,1610612745,HOU,made,67,"Harden, James",201935,0.51,1535,28,147,400,0.368,80,196,0.408,67,204,0.328,Clint Capela
203991,"Capela, Clint",Houston Rockets,1610612745,HOU,made,67,"Gordon, Eric",201569,0.076,230,21,31,76,0.408,19,34,0.559,12,42,0.286,Clint Capela
203991,"Capela, Clint",Houston Rockets,1610612745,HOU,made,67,"Tucker, P.J.",200782,0.033,100,13,13,29,0.448,2,3,0.667,11,26,0.423,Clint Capela
203991,"Capela, Clint",Houston Rockets,1610612745,HOU,made,67,"Green, Gerald",101123,0.021,64,11,11,30,0.367,5,5,1.0,6,25,0.24,Clint Capela
203991,"Capela, Clint",Houston Rockets,1610612745,HOU,made,67,"Paul, Chris",101108,0.269,808,4,50,131,0.382,33,78,0.423,17,53,0.321,Clint Capela
203991,"Capela, Clint",Houston Rockets,1610612745,HOU,made,67,"Anthony, Carmelo",2546,0.006,18,1,3,11,0.273,2,5,0.4,1,6,0.167,Clint Capela
200782,"Tucker, P.J.",Houston Rockets,1610612745,HOU,made,82,"Clark, Gary",1629109,0.003,7,1,1,2,0.5,0,0,0.0,1,2,0.5,P.J. Tucker
200782,"Tucker, P.J.",Houston Rockets,1610612745,HOU,made,82,"Hartenstein, Isaiah",1628392,0.003,7,0,0,2,0.0,0,1,0.0,0,1,0.0,P.J. Tucker
200782,"Tucker, P.J.",Houston Rockets,1610612745,HOU,made,82,"House Jr., Danuel",1627863,0.017,39,3,3,12,0.25,1,3,0.333,2,9,0.222,P.J. Tucker
200782,"Tucker, P.J.",Houston Rockets,1610612745,HOU,made,82,"Chriss, Marquese",1627737,0.001,3,0,0,0,0.0,0,0,0.0,0,0,0.0,P.J. Tucker
200782,"Tucker, P.J.",Houston Rockets,1610612745,HOU,made,82,"Capela, Clint",203991,0.067,154,14,14,32,0.438,14,32,0.438,0,0,0.0,P.J. Tucker
200782,"Tucker, P.J.",Houston Rockets,1610612745,HOU,made,82,"Ennis III, James",203516,0.017,39,5,6,18,0.333,2,5,0.4,4,13,0.308,P.J. Tucker
200782,"Tucker, P.J.",Houston Rockets,1610612745,HOU,made,82,"Carter-Williams, Michael",203487,0.01,22,0,1,1,1.0,1,1,1.0,0,0,0.0,P.J. Tucker
200782,"Tucker, P.J.",Houston Rockets,1610612745,HOU,made,82,"Nunnally, James",203263,0.003,7,1,1,4,0.25,0,0,0.0,1,4,0.25,P.J. Tucker
200782,"Tucker, P.J.",Houston Rockets,1610612745,HOU,made,82,"Rivers, Austin",203085,0.062,142,9,20,43,0.465,12,22,0.545,8,21,0.381,P.J. Tucker
200782,"Tucker, P.J.",Houston Rockets,1610612745,HOU,made,82,"Faried, Kenneth",202702,0.012,27,5,5,10,0.5,5,10,0.5,0,0,0.0,P.J. Tucker
200782,"Tucker, P.J.",Houston Rockets,1610612745,HOU,made,82,"Shumpert, Iman",202697,0.011,25,1,1,8,0.125,0,0,0.0,1,8,0.125,P.J. Tucker
200782,"Tucker, P.J.",Houston Rockets,1610612745,HOU,made,82,"Knight, Brandon",202688,0.004,9,1,1,2,0.5,0,0,0.0,1,2,0.5,P.J. Tucker
200782,"Tucker, P.J.",Houston Rockets,1610612745,HOU,made,82,"Harden, James",201935,0.454,1043,12,132,326,0.405,76,183,0.415,56,143,0.392,P.J. Tucker
200782,"Tucker, P.J.",Houston Rockets,1610612745,HOU,made,82,"Gordon, Eric",201569,0.09,206,19,30,92,0.326,11,30,0.367,19,62,0.306,P.J. Tucker
200782,"Tucker, P.J.",Houston Rockets,1610612745,HOU,made,82,"Tucker, P.J.",200782,0.0,1,0,0,0,0.0,0,0,0.0,0,0,0.0,P.J. Tucker
200782,"Tucker, P.J.",Houston Rockets,1610612745,HOU,made,82,"Green, Gerald",101123,0.033,76,15,16,37,0.432,4,8,0.5,12,29,0.414,P.J. Tucker
200782,"Tucker, P.J.",Houston Rockets,1610612745,HOU,made,82,"Paul, Chris",101108,0.198,455,7,27,77,0.351,12,36,0.333,15,41,0.366,P.J. Tucker
200782,"Tucker, P.J.",Houston Rockets,1610612745,HOU,made,82,"Anthony, Carmelo",2546,0.003,8,1,1,1,1.0,0,0,0.0,1,1,1.0,P.J. Tucker
200782,"Tucker, P.J.",Houston Rockets,1610612745,HOU,made,82,Nene,2403,0.011,26,2,3,8,0.375,3,6,0.5,0,2,0.0,P.J. Tucker
203085,"Rivers, Austin",Houston Rockets,1610612745,HOU,made,76,"Chiozza, Chris",1629185,0.005,9,0,0,2,0.0,0,1,0.0,0,1,0.0,Austin Rivers
203085,"Rivers, Austin",Houston Rockets,1610612745,HOU,made,76,"Clark, Gary",1629109,0.015,27,6,6,11,0.545,1,1,1.0,5,10,0.5,Austin Rivers
203085,"Rivers, Austin",Houston Rockets,1610612745,HOU,made,76,"Hartenstein, Isaiah",1628392,0.004,8,0,0,1,0.0,0,1,0.0,0,0,0.0,Austin Rivers
203085,"Rivers, Austin",Houston Rockets,1610612745,HOU,made,76,"House Jr., Danuel",1627863,0.029,54,10,13,24,0.542,7,11,0.636,6,13,0.462,Austin Rivers
203085,"Rivers, Austin",Houston Rockets,1610612745,HOU,made,76,"Chriss, Marquese",1627737,0.005,9,1,1,2,0.5,1,2,0.5,0,0,0.0,Austin Rivers
203085,"Rivers, Austin",Houston Rockets,1610612745,HOU,made,76,"Capela, Clint",203991,0.05,93,3,5,13,0.385,5,13,0.385,0,0,0.0,Austin Rivers
203085,"Rivers, Austin",Houston Rockets,1610612745,HOU,made,76,"Ennis III, James",203516,0.015,27,6,6,15,0.4,3,8,0.375,3,7,0.429,Austin Rivers
203085,"Rivers, Austin",Houston Rockets,1610612745,HOU,made,76,"Nunnally, James",203263,0.004,7,1,1,4,0.25,0,1,0.0,1,3,0.333,Austin Rivers
203085,"Rivers, Austin",Houston Rockets,1610612745,HOU,made,76,"Jones, Terrence",203093,0.002,4,1,1,2,0.5,1,1,1.0,0,1,0.0,Austin Rivers
203085,"Rivers, Austin",Houston Rockets,1610612745,HOU,made,76,"Faried, Kenneth",202702,0.04,73,8,11,21,0.524,11,18,0.611,0,3,0.0,Austin Rivers
203085,"Rivers, Austin",Houston Rockets,1610612745,HOU,made,76,"Shumpert, Iman",202697,0.011,21,3,3,6,0.5,1,1,1.0,2,5,0.4,Austin Rivers
203085,"Rivers, Austin",Houston Rockets,1610612745,HOU,made,76,"Knight, Brandon",202688,0.01,18,1,2,4,0.5,1,1,1.0,1,3,0.333,Austin Rivers
203085,"Rivers, Austin",Houston Rockets,1610612745,HOU,made,76,"Monroe, Greg",202328,0.001,1,0,0,0,0.0,0,0,0.0,0,0,0.0,Austin Rivers
203085,"Rivers, Austin",Houston Rockets,1610612745,HOU,made,76,"Harden, James",201935,0.175,322,7,49,134,0.366,25,63,0.397,24,71,0.338,Austin Rivers
203085,"Rivers, Austin",Houston Rockets,1610612745,HOU,made,76,"Gordon, Eric",201569,0.055,102,19,25,58,0.431,7,22,0.318,18,36,0.5,Austin Rivers
203085,"Rivers, Austin",Houston Rockets,1610612745,HOU,made,76,"Tucker, P.J.",200782,0.045,83,13,13,28,0.464,3,7,0.429,10,21,0.476,Austin Rivers
203085,"Rivers, Austin",Houston Rockets,1610612745,HOU,made,76,"Green, Gerald",101123,0.057,105,19,22,61,0.361,6,10,0.6,16,51,0.314,Austin Rivers
203085,"Rivers, Austin",Houston Rockets,1610612745,HOU,made,76,"Paul, Chris",101108,0.055,101,0,8,25,0.32,6,13,0.462,2,12,0.167,Austin Rivers
203085,"Rivers, Austin",Houston Rockets,1610612745,HOU,made,76,Nene,2403,0.046,85,9,10,20,0.5,10,20,0.5,0,0,0.0,Austin Rivers
203085,"Rivers, Austin",Washington Wizards,1610612764,WAS,made,76,"Brown Jr., Troy",1628972,0.01,19,1,3,7,0.429,3,5,0.6,0,2,0.0,Austin Rivers
203085,"Rivers, Austin",Washington Wizards,1610612764,WAS,made,76,"Robinson, Devin",1628421,0.002,3,1,2,2,1.0,2,2,1.0,0,0,0.0,Austin Rivers
203085,"Rivers, Austin",Washington Wizards,1610612764,WAS,made,76,"Bryant, Thomas",1628418,0.009,17,5,5,7,0.714,5,7,0.714,0,0,0.0,Austin Rivers
203085,"Rivers, Austin",Washington Wizards,1610612764,WAS,made,76,"Oubre Jr., Kelly",1626162,0.051,94,12,13,42,0.31,8,22,0.364,5,20,0.25,Austin Rivers
203085,"Rivers, Austin",Washington Wizards,1610612764,WAS,made,76,"Dekker, Sam",1626155,0.001,1,0,0,0,0.0,0,0,0.0,0,0,0.0,Austin Rivers
203085,"Rivers, Austin",Washington Wizards,1610612764,WAS,made,76,"McRae, Jordan",203895,0.002,4,0,1,3,0.333,1,2,0.5,0,1,0.0,Austin Rivers
203085,"Rivers, Austin",Washington Wizards,1610612764,WAS,made,76,"Porter Jr., Otto",203490,0.017,31,3,4,9,0.444,4,7,0.571,0,2,0.0,Austin Rivers
203085,"Rivers, Austin",Washington Wizards,1610612764,WAS,made,76,"Satoransky, Tomas",203107,0.063,117,3,5,21,0.238,2,12,0.167,3,9,0.333,Austin Rivers
203085,"Rivers, Austin",Washington Wizards,1610612764,WAS,made,76,"Beal, Bradley",203078,0.052,95,9,18,42,0.429,15,26,0.577,3,16,0.188,Austin Rivers
203085,"Rivers, Austin",Washington Wizards,1610612764,WAS,made,76,"Morris, Markieff",202693,0.039,71,7,9,25,0.36,6,13,0.462,3,12,0.25,Austin Rivers
203085,"Rivers, Austin",Washington Wizards,1610612764,WAS,made,76,"Wall, John",202322,0.057,106,4,14,31,0.452,11,22,0.5,3,9,0.333,Austin Rivers
203085,"Rivers, Austin",Washington Wizards,1610612764,WAS,made,76,"Smith, Jason",201160,0.008,15,1,1,1,1.0,1,1,1.0,0,0,0.0,Austin Rivers
203085,"Rivers, Austin",Washington Wizards,1610612764,WAS,made,76,"Green, Jeff",201145,0.053,97,11,13,36,0.361,6,19,0.316,7,17,0.412,Austin Rivers
203085,"Rivers, Austin",Washington Wizards,1610612764,WAS,made,76,"Mahinmi, Ian",101133,0.011,21,0,0,3,0.0,0,1,0.0,0,2,0.0,Austin Rivers
203085,"Rivers, Austin",Washington Wizards,1610612764,WAS,made,76,"Howard, Dwight",2730,0.002,4,0,0,0,0.0,0,0,0.0,0,0,0.0,Austin Rivers
202702,"Faried, Kenneth",Brooklyn Nets,1610612751,BKN,made,37,"Kurucs, Rodions",1629066,0.006,5,0,1,2,0.5,1,2,0.5,0,0,0.0,Kenneth Faried
202702,"Faried, Kenneth",Brooklyn Nets,1610612751,BKN,made,37,"Musa, Dzanan",1629058,0.006,5,0,0,2,0.0,0,0,0.0,0,2,0.0,Kenneth Faried
202702,"Faried, Kenneth",Brooklyn Nets,1610612751,BKN,made,37,"Pinson, Theo",1629033,0.017,14,1,1,3,0.333,1,1,1.0,0,2,0.0,Kenneth Faried
202702,"Faried, Kenneth",Brooklyn Nets,1610612751,BKN,made,37,"Graham, Treveon",1626203,0.002,2,0,0,1,0.0,0,0,0.0,0,1,0.0,Kenneth Faried
202702,"Faried, Kenneth",Brooklyn Nets,1610612751,BKN,made,37,"Hollis-Jefferson, Rondae",1626178,0.008,7,0,0,1,0.0,0,0,0.0,0,1,0.0,Kenneth Faried
202702,"Faried, Kenneth",Brooklyn Nets,1610612751,BKN,made,37,"Russell, D'Angelo",1626156,0.01,8,0,0,1,0.0,0,1,0.0,0,0,0.0,Kenneth Faried
202702,"Faried, Kenneth",Brooklyn Nets,1610612751,BKN,made,37,"Dinwiddie, Spencer",203915,0.014,12,0,0,1,0.0,0,1,0.0,0,0,0.0,Kenneth Faried
202702,"Faried, Kenneth",Brooklyn Nets,1610612751,BKN,made,37,"Napier, Shabazz",203894,0.063,53,0,4,9,0.444,4,7,0.571,0,2,0.0,Kenneth Faried
202702,"Faried, Kenneth",Brooklyn Nets,1610612751,BKN,made,37,"Crabbe, Allen",203459,0.007,6,0,0,1,0.0,0,0,0.0,0,1,0.0,Kenneth Faried
202702,"Faried, Kenneth",Brooklyn Nets,1610612751,BKN,made,37,"Davis, Ed",202334,0.005,4,0,0,2,0.0,0,2,0.0,0,0,0.0,Kenneth Faried
202702,"Faried, Kenneth",Brooklyn Nets,1610612751,BKN,made,37,"Carroll, DeMarre",201960,0.004,3,0,0,1,0.0,0,0,0.0,0,1,0.0,Kenneth Faried
202702,"Faried, Kenneth",Brooklyn Nets,1610612751,BKN,made,37,"Dudley, Jared",201162,0.004,3,1,1,1,1.0,1,1,1.0,0,0,0.0,Kenneth Faried
202702,"Faried, Kenneth",Houston Rockets,1610612745,HOU,made,37,"Chiozza, Chris",1629185,0.021,18,1,1,1,1.0,0,0,0.0,1,1,1.0,Kenneth Faried
202702,"Faried, Kenneth",Houston Rockets,1610612745,HOU,made,37,"Clark, Gary",1629109,0.008,7,0,1,4,0.25,0,0,0.0,1,4,0.25,Kenneth Faried
202702,"Faried, Kenneth",Houston Rockets,1610612745,HOU,made,37,"House Jr., Danuel",1627863,0.013,11,1,2,5,0.4,0,1,0.0,2,4,0.5,Kenneth Faried
202702,"Faried, Kenneth",Houston Rockets,1610612745,HOU,made,37,"Capela, Clint",203991,0.005,4,1,1,3,0.333,1,3,0.333,0,0,0.0,Kenneth Faried
202702,"Faried, Kenneth",Houston Rockets,1610612745,HOU,made,37,"Ennis III, James",203516,0.01,8,0,0,3,0.0,0,1,0.0,0,2,0.0,Kenneth Faried
202702,"Faried, Kenneth",Houston Rockets,1610612745,HOU,made,37,"Rivers, Austin",203085,0.097,82,0,3,15,0.2,2,5,0.4,1,10,0.1,Kenneth Faried
202702,"Faried, Kenneth",Houston Rockets,1610612745,HOU,made,37,"Shumpert, Iman",202697,0.006,5,0,0,2,0.0,0,1,0.0,0,1,0.0,Kenneth Faried
202702,"Faried, Kenneth",Houston Rockets,1610612745,HOU,made,37,"Harden, James",201935,0.335,282,4,34,86,0.395,19,42,0.452,15,44,0.341,Kenneth Faried
202702,"Faried, Kenneth",Houston Rockets,1610612745,HOU,made,37,"Gordon, Eric",201569,0.075,63,3,7,17,0.412,3,5,0.6,4,12,0.333,Kenneth Faried
202702,"Faried, Kenneth",Houston Rockets,1610612745,HOU,made,37,"Tucker, P.J.",200782,0.025,21,2,2,2,1.0,1,1,1.0,1,1,1.0,Kenneth Faried
202702,"Faried, Kenneth",Houston Rockets,1610612745,HOU,made,37,"Green, Gerald",101123,0.037,31,2,5,18,0.278,0,5,0.0,5,13,0.385,Kenneth Faried
202702,"Faried, Kenneth",Houston Rockets,1610612745,HOU,made,37,"Paul, Chris",101108,0.222,187,4,13,33,0.394,4,9,0.444,9,24,0.375,Kenneth Faried
202702,"Faried, Kenneth",Houston Rockets,1610612745,HOU,made,37,Nene,2403,0.001,1,0,0,0,0.0,0,0,0.0,0,0,0.0,Kenneth Faried
2403,Nene,Houston Rockets,1610612745,HOU,made,42,"Clark, Gary",1629109,0.015,9,1,1,2,0.5,0,0,0.0,1,2,0.5,Nene
2403,Nene,Houston Rockets,1610612745,HOU,made,42,"House Jr., Danuel",1627863,0.047,28,3,4,9,0.444,1,3,0.333,3,6,0.5,Nene
2403,Nene,Houston Rockets,1610612745,HOU,made,42,"Ennis III, James",203516,0.01,6,3,3,3,1.0,1,1,1.0,2,2,1.0,Nene
2403,Nene,Houston Rockets,1610612745,HOU,made,42,"Carter-Williams, Michael",203487,0.023,14,1,2,3,0.667,1,2,0.5,1,1,1.0,Nene
2403,Nene,Houston Rockets,1610612745,HOU,made,42,"Nunnally, James",203263,0.002,1,0,0,0,0.0,0,0,0.0,0,0,0.0,Nene
2403,Nene,Houston Rockets,1610612745,HOU,made,42,"Rivers, Austin",203085,0.149,89,3,7,17,0.412,2,5,0.4,5,12,0.417,Nene
2403,Nene,Houston Rockets,1610612745,HOU,made,42,"Faried, Kenneth",202702,0.002,1,0,0,1,0.0,0,1,0.0,0,0,0.0,Nene
2403,Nene,Houston Rockets,1610612745,HOU,made,42,"Shumpert, Iman",202697,0.015,9,1,1,2,0.5,0,0,0.0,1,2,0.5,Nene
2403,Nene,Houston Rockets,1610612745,HOU,made,42,"Knight, Brandon",202688,0.032,19,0,0,6,0.0,0,1,0.0,0,5,0.0,Nene
2403,Nene,Houston Rockets,1610612745,HOU,made,42,"Harden, James",201935,0.37,221,4,29,76,0.382,12,32,0.375,17,44,0.386,Nene
2403,Nene,Houston Rockets,1610612745,HOU,made,42,"Gordon, Eric",201569,0.084,50,5,10,19,0.526,10,15,0.667,0,4,0.0,Nene
2403,Nene,Houston Rockets,1610612745,HOU,made,42,"Tucker, P.J.",200782,0.018,11,0,0,5,0.0,0,0,0.0,0,5,0.0,Nene
2403,Nene,Houston Rockets,1610612745,HOU,made,42,"Green, Gerald",101123,0.064,38,4,5,17,0.294,1,5,0.2,4,12,0.333,Nene
2403,Nene,Houston Rockets,1610612745,HOU,made,42,"Paul, Chris",101108,0.171,102,1,3,12,0.25,2,6,0.333,1,6,0.167,Nene
1628392,"Hartenstein, Isaiah",Houston Rockets,1610612745,HOU,made,28,"Clark, Gary",1629109,0.037,9,0,0,3,0.0,0,0,0.0,0,3,0.0,Isaiah Hartenstein
1628392,"Hartenstein, Isaiah",Houston Rockets,1610612745,HOU,made,28,"House Jr., Danuel",1627863,0.033,8,3,3,4,0.75,1,1,1.0,2,3,0.667,Isaiah Hartenstein
1628392,"Hartenstein, Isaiah",Houston Rockets,1610612745,HOU,made,28,"Ennis III, James",203516,0.012,3,0,0,0,0.0,0,0,0.0,0,0,0.0,Isaiah Hartenstein
1628392,"Hartenstein, Isaiah",Houston Rockets,1610612745,HOU,made,28,"Carter-Williams, Michael",203487,0.124,30,1,3,5,0.6,3,5,0.6,0,0,0.0,Isaiah Hartenstein
1628392,"Hartenstein, Isaiah",Houston Rockets,1610612745,HOU,made,28,"Rivers, Austin",203085,0.05,12,1,1,4,0.25,0,2,0.0,1,2,0.5,Isaiah Hartenstein
1628392,"Hartenstein, Isaiah",Houston Rockets,1610612745,HOU,made,28,"Shumpert, Iman",202697,0.008,2,0,0,1,0.0,0,0,0.0,0,1,0.0,Isaiah Hartenstein
1628392,"Hartenstein, Isaiah",Houston Rockets,1610612745,HOU,made,28,"Harden, James",201935,0.27,65,0,6,18,0.333,2,8,0.25,4,10,0.4,Isaiah Hartenstein
1628392,"Hartenstein, Isaiah",Houston Rockets,1610612745,HOU,made,28,"Gordon, Eric",201569,0.083,20,2,3,5,0.6,1,2,0.5,2,3,0.667,Isaiah Hartenstein
1628392,"Hartenstein, Isaiah",Houston Rockets,1610612745,HOU,made,28,"Tucker, P.J.",200782,0.029,7,2,2,5,0.4,1,3,0.333,1,2,0.5,Isaiah Hartenstein
1628392,"Hartenstein, Isaiah",Houston Rockets,1610612745,HOU,made,28,"Green, Gerald",101123,0.091,22,4,5,8,0.625,1,2,0.5,4,6,0.667,Isaiah Hartenstein
1628392,"Hartenstein, Isaiah",Houston Rockets,1610612745,HOU,made,28,"Paul, Chris",101108,0.249,60,1,11,15,0.733,7,8,0.875,4,7,0.571,Isaiah Hartenstein
1628392,"Hartenstein, Isaiah",Houston Rockets,1610612745,HOU,made,28,"Anthony, Carmelo",2546,0.012,3,1,1,3,0.333,1,2,0.5,0,1,0.0,Isaiah Hartenstein
